[
  {
    "id": "p001",
    "name": "Silk Chiffon Hijab - Sage Green",
    "shortDesc": "Lightweight, breathable silk chiffon hijab in a calming sage green.",
    "description": "Experience the elegance of our Premium Silk Chiffon Hijab. Crafted from the finest silk blend, this hijab offers a delicate drape and a soft, luxurious feel against your skin. The sage green hue is perfect for adding a touch of nature-inspired serenity to your outfit. Ideal for both casual wear and special occasions.",
    "price": 25.00,
    "currency": "USD",
    "sku": "SCH-SAGE-001",
    "sizes": [
      "One Size"
    ],
    "colors": [
      "Sage Green"
    ],
    "stock": true,
    "tags": [
      "silk",
      "chiffon",
      "green",
      "premium"
    ],
    "category": "Chiffon",
    "images": {
      "hero": "assets/images/p001-hero.png",
      "detail": "assets/images/p001-detail.png",
      "lifestyle": "assets/images/p001-lifestyle.png"
    }
  },
  {
    "id": "p002",
    "name": "Jersey Wrap Hijab - Dusty Rose",
    "shortDesc": "Stretch jersey hijab for ultimate comfort and easy styling.",
    "description": "Our Everyday Jersey Wrap Hijab is a wardrobe essential. Made from high-quality cotton jersey with just the right amount of stretch, it stays in place all day without pins. The dusty rose color is a versatile neutral that complements a wide range of skin tones.",
    "price": 18.00,
    "currency": "USD",
    "sku": "JWH-ROSE-002",
    "sizes": [
      "Standard",
      "Maxi"
    ],
    "colors": [
      "Dusty Rose"
    ],
    "stock": true,
    "tags": [
      "jersey",
      "stretch",
      "pink",
      "everyday"
    ],
    "category": "Jersey",
    "images": {
      "hero": "assets/images/p002-hero.png",
      "detail": "assets/images/p002-detail.png",
      "lifestyle": "assets/images/p002-lifestyle.png"
    }
  },
  {
    "id": "p003",
    "name": "Medina Silk Hijab - Midnight Blue",
    "shortDesc": "Opaque, smooth Medina silk hijab with a subtle sheen.",
    "description": "Discover the sophistication of Medina Silk. This fabric is known for its opacity, smooth texture, and beautiful drape. The midnight blue shade brings a deep, rich elegance to your ensemble, making it perfect for evening wear or professional settings.",
    "price": 30.00,
    "currency": "USD",
    "sku": "MSH-BLUE-003",
    "sizes": [
      "One Size"
    ],
    "colors": [
      "Midnight Blue"
    ],
    "stock": true,
    "tags": [
      "medina silk",
      "opaque",
      "blue",
      "formal"
    ],
    "category": "Silk",
    "images": {
      "hero": "assets/images/p003-hero.png",
      "detail": "assets/images/p003-detail.webp",
      "lifestyle": "assets/images/p003-lifestyle.webp"
    }
  },
  {
    "id": "p004",
    "name": "Crinkle Cotton Hijab - Sand",
    "shortDesc": "Textured crinkle cotton hijab, iron-free and effortless.",
    "description": "The Crinkle Cotton Hijab is designed for the busy woman. Its unique texture means no ironing is required—just wrap and go. The sand color is a perfect neutral base for any outfit, offering a relaxed yet chic look.",
    "price": 15.00,
    "currency": "USD",
    "sku": "CCH-SAND-004",
    "sizes": [
      "One Size"
    ],
    "colors": [
      "Sand"
    ],
    "stock": true,
    "tags": [
      "cotton",
      "crinkle",
      "beige",
      "casual"
    ],
    "category": "Cotton",
    "images": {
      "hero": "assets/images/p004-hero.webp",
      "detail": "assets/images/p004-detail.webp",
      "lifestyle": "assets/images/p004-lifestyle.webp"
    }
  },
  {
    "id": "p005",
    "name": "Satin Square Scarf - Floral Print",
    "shortDesc": "Luxurious satin square scarf with a delicate floral pattern.",
    "description": "Elevate your style with our Satin Square Scarf. Featuring a beautiful, hand-painted floral design, this scarf adds a pop of color and pattern. The satin finish reflects light beautifully, giving you a radiant glow.",
    "price": 28.00,
    "currency": "USD",
    "sku": "SSS-FLORAL-005",
    "sizes": [
      "90x90cm"
    ],
    "colors": [
      "Multicolor"
    ],
    "stock": true,
    "tags": [
      "satin",
      "print",
      "floral",
      "square"
    ],
    "category": "Square",
    "images": {
      "hero": "assets/images/p005-hero.webp",
      "detail": "assets/images/p005-detail.webp",
      "lifestyle": "assets/images/p005-lifestyle.webp"
    }
  },
  {
    "id": "p006",
    "name": "Modal Hijab - Charcoal Grey",
    "shortDesc": "Super soft, eco-friendly modal hijab in a deep charcoal.",
    "description": "Our Modal Hijab is crafted from sustainably sourced beechwood fibers, making it incredibly soft and breathable. The charcoal grey is a modern classic, offering a sharp, sophisticated look that pairs well with everything.",
    "price": 22.00,
    "currency": "USD",
    "sku": "MH-GREY-006",
    "sizes": [
      "One Size"
    ],
    "colors": [
      "Charcoal Grey"
    ],
    "stock": true,
    "tags": [
      "modal",
      "eco-friendly",
      "grey",
      "soft"
    ],
    "category": "Modal",
    "images": {
      "hero": "assets/images/p006-hero.webp",
      "detail": "assets/images/p006-detail.webp",
      "lifestyle": "assets/images/p006-lifestyle.webp"
    }
  },
  {
    "id": "p007",
    "name": "Pleated Chiffon Hijab - Cream",
    "shortDesc": "Elegant pleated texture on a lightweight chiffon base.",
    "description": "Add texture and dimension to your look with our Pleated Chiffon Hijab. The permanent pleats provide a sophisticated structure, while the cream color offers a soft, angelic vibe suitable for weddings and formal events.",
    "price": 26.00,
    "currency": "USD",
    "sku": "PCH-CREAM-007",
    "sizes": [
      "One Size"
    ],
    "colors": [
      "Cream"
    ],
    "stock": true,
    "tags": [
      "pleated",
      "chiffon",
      "white",
      "textured"
    ],
    "category": "Pleated",
    "images": {
      "hero": "assets/images/p007-hero.webp",
      "detail": "assets/images/p007-detail.webp",
      "lifestyle": "assets/images/p007-lifestyle.webp"
    }
  },
  {
    "id": "p008",
    "name": "Instant Jersey Hijab - Black",
    "shortDesc": "Pre-sewn instant hijab for quick and easy styling.",
    "description": "Get ready in seconds with our Instant Jersey Hijab. Pre-sewn to frame your face perfectly, it eliminates the need for pins or complex wrapping. The classic black is a must-have staple for every modest wardrobe.",
    "price": 20.00,
    "currency": "USD",
    "sku": "IJH-BLACK-008",
    "sizes": [
      "One Size"
    ],
    "colors": [
      "Black"
    ],
    "stock": true,
    "tags": [
      "instant",
      "jersey",
      "black",
      "convenient"
    ],
    "category": "Instant",
    "images": {
      "hero": "assets/images/p008-hero.webp",
      "detail": "assets/images/p008-detail.webp",
      "lifestyle": "assets/images/p008-lifestyle.webp"
    }
  },
  {
    "id": "p009",
    "name": "Georgette Hijab - Terracotta",
    "shortDesc": "Textured georgette fabric in a warm, earthy terracotta.",
    "description": "Our Georgette Hijab offers a slightly grainy texture that grips well, making it easy to style without slipping. The terracotta color brings a warm, earthy tone that brightens up your complexion.",
    "price": 19.00,
    "currency": "USD",
    "sku": "GH-TERRA-009",
    "sizes": [
      "One Size"
    ],
    "colors": [
      "Terracotta"
    ],
    "stock": true,
    "tags": [
      "georgette",
      "textured",
      "orange",
      "earthy"
    ],
    "category": "Georgette",
    "images": {
      "hero": "assets/images/p009-hero.webp",
      "detail": "assets/images/p009-detail.webp",
      "lifestyle": "assets/images/p009-lifestyle.webp"
    }
  },
  {
    "id": "p010",
    "name": "Viscose Maxi Hijab - Olive",
    "shortDesc": "Large, airy viscose hijab for maximum coverage.",
    "description": "The Viscose Maxi Hijab provides ample coverage with a lightweight, airy feel. Perfect for hot weather, the breathable fabric keeps you cool. The olive green shade is a versatile neutral that works year-round.",
    "price": 16.00,
    "currency": "USD",
    "sku": "VMH-OLIVE-010",
    "sizes": [
      "Maxi"
    ],
    "colors": [
      "Olive"
    ],
    "stock": true,
    "tags": [
      "viscose",
      "maxi",
      "green",
      "breathable"
    ],
    "category": "Viscose",
    "images": {
      "hero": "assets/images/p010-hero.webp",
      "detail": "assets/images/p010-detail.webp",
      "lifestyle": "assets/images/p010-lifestyle.webp"
    }
  },
  {
    "id": "p011",
    "name": "Silk Chiffon Hijab - Blush Pink",
    "shortDesc": "Soft blush pink silk chiffon for a feminine touch.",
    "description": "A delicate blush pink version of our premium Silk Chiffon Hijab. It adds a soft, romantic touch to any outfit, perfect for spring days or special dates.",
    "price": 25.00,
    "currency": "USD",
    "sku": "SCH-BLUSH-011",
    "sizes": [
      "One Size"
    ],
    "colors": [
      "Blush Pink"
    ],
    "stock": true,
    "tags": [
      "silk",
      "chiffon",
      "pink",
      "feminine"
    ],
    "category": "Chiffon",
    "images": {
      "hero": "assets/images/p011-hero.webp",
      "detail": "assets/images/p011-detail.webp",
      "lifestyle": "assets/images/p011-lifestyle.webp"
    }
  },
  {
    "id": "p012",
    "name": "Jersey Wrap Hijab - Mocha",
    "shortDesc": "Rich mocha brown jersey hijab, comfortable and stylish.",
    "description": "Our Jersey Wrap Hijab in Mocha is a deep, rich brown that exudes warmth and comfort. It's the perfect cozy accessory for cooler weather or coffee dates.",
    "price": 18.00,
    "currency": "USD",
    "sku": "JWH-MOCHA-012",
    "sizes": [
      "Standard",
      "Maxi"
    ],
    "colors": [
      "Mocha"
    ],
    "stock": true,
    "tags": [
      "jersey",
      "brown",
      "cozy",
      "everyday"
    ],
    "category": "Jersey",
    "images": {
      "hero": "assets/images/p012-hero.webp",
      "detail": "assets/images/p012-detail.webp",
      "lifestyle": "assets/images/p012-lifestyle.webp"
    }
  },
  {
    "id": "p013",
    "name": "Medina Silk Hijab - Emerald",
    "shortDesc": "Jewel-toned emerald green Medina silk hijab.",
    "description": "Make a statement with our Emerald Medina Silk Hijab. The vibrant jewel tone commands attention, while the premium fabric ensures a flawless drape.",
    "price": 30.00,
    "currency": "USD",
    "sku": "MSH-EMERALD-013",
    "sizes": [
      "One Size"
    ],
    "colors": [
      "Emerald"
    ],
    "stock": true,
    "tags": [
      "medina silk",
      "green",
      "jewel tone",
      "luxury"
    ],
    "category": "Silk",
    "images": {
      "hero": "assets/images/p013-hero.webp",
      "detail": "assets/images/p013-detail.webp",
      "lifestyle": "assets/images/p013-lifestyle.webp"
    }
  },
  {
    "id": "p014",
    "name": "Crinkle Cotton Hijab - Slate Blue",
    "shortDesc": "Cool slate blue crinkle cotton for everyday wear.",
    "description": "The Slate Blue Crinkle Cotton Hijab offers a cool, calming color in our signature low-maintenance fabric. Perfect for denim looks and casual weekends.",
    "price": 15.00,
    "currency": "USD",
    "sku": "CCH-SLATE-014",
    "sizes": [
      "One Size"
    ],
    "colors": [
      "Slate Blue"
    ],
    "stock": true,
    "tags": [
      "cotton",
      "blue",
      "casual",
      "textured"
    ],
    "category": "Cotton",
    "images": {
      "hero": "assets/images/p014-hero.webp",
      "detail": "assets/images/p014-detail.webp",
      "lifestyle": "assets/images/p014-lifestyle.webp"
    }
  },
  {
    "id": "p015",
    "name": "Satin Square Scarf - Geometric",
    "shortDesc": "Modern geometric print satin scarf.",
    "description": "For the modern minimalist, this Geometric Satin Square Scarf features clean lines and a contemporary pattern. A chic accessory for the office or city life.",
    "price": 28.00,
    "currency": "USD",
    "sku": "SSS-GEO-015",
    "sizes": [
      "90x90cm"
    ],
    "colors": [
      "Black/White"
    ],
    "stock": true,
    "tags": [
      "satin",
      "print",
      "geometric",
      "modern"
    ],
    "category": "Square",
    "images": {
      "hero": "assets/images/p015-hero.webp",
      "detail": "assets/images/p015-detail.webp",
      "lifestyle": "assets/images/p015-lifestyle.webp"
    }
  },
  {
    "id": "p016",
    "name": "Modal Hijab - Beige",
    "shortDesc": "Classic beige modal hijab, a versatile neutral.",
    "description": "This Beige Modal Hijab is the ultimate neutral. Soft, breathable, and perfectly matched with any color palette, it's a staple you'll reach for again and again.",
    "price": 22.00,
    "currency": "USD",
    "sku": "MH-BEIGE-016",
    "sizes": [
      "One Size"
    ],
    "colors": [
      "Beige"
    ],
    "stock": true,
    "tags": [
      "modal",
      "beige",
      "neutral",
      "soft"
    ],
    "category": "Modal",
    "images": {
      "hero": "assets/images/p016-hero.webp",
      "detail": "assets/images/p016-detail.webp",
      "lifestyle": "assets/images/p016-lifestyle.webp"
    }
  },
  {
    "id": "p017",
    "name": "Pleated Chiffon Hijab - Mauve",
    "shortDesc": "Dusty mauve pleated chiffon for a textured look.",
    "description": "The Mauve Pleated Chiffon Hijab combines a trendy dusty pink-purple shade with elegant pleats. It adds a touch of sophisticated color to neutral outfits.",
    "price": 26.00,
    "currency": "USD",
    "sku": "PCH-MAUVE-017",
    "sizes": [
      "One Size"
    ],
    "colors": [
      "Mauve"
    ],
    "stock": true,
    "tags": [
      "pleated",
      "purple",
      "textured",
      "elegant"
    ],
    "category": "Pleated",
    "images": {
      "hero": "assets/images/p017-hero.webp",
      "detail": "assets/images/p017-detail.webp",
      "lifestyle": "assets/images/p017-lifestyle.webp"
    }
  },
  {
    "id": "p018",
    "name": "Instant Jersey Hijab - Navy",
    "shortDesc": "Navy blue instant hijab, practical and smart.",
    "description": "Our Navy Instant Jersey Hijab offers a smart, professional look with zero fuss. Ideal for work, school, or busy mornings when you need to look put-together instantly.",
    "price": 20.00,
    "currency": "USD",
    "sku": "IJH-NAVY-018",
    "sizes": [
      "One Size"
    ],
    "colors": [
      "Navy"
    ],
    "stock": true,
    "tags": [
      "instant",
      "blue",
      "workwear",
      "practical"
    ],
    "category": "Instant",
    "images": {
      "hero": "assets/images/p018-hero.webp",
      "detail": "assets/images/p018-detail.webp",
      "lifestyle": "assets/images/p018-lifestyle.webp"
    }
  },
  {
    "id": "p019",
    "name": "Georgette Hijab - Mustard",
    "shortDesc": "Vibrant mustard yellow georgette hijab.",
    "description": "Add a burst of sunshine to your day with the Mustard Georgette Hijab. The vibrant yellow hue is cheerful and bold, perfect for lifting your spirits and your style.",
    "price": 19.00,
    "currency": "USD",
    "sku": "GH-MUSTARD-019",
    "sizes": [
      "One Size"
    ],
    "colors": [
      "Mustard"
    ],
    "stock": true,
    "tags": [
      "georgette",
      "yellow",
      "vibrant",
      "bold"
    ],
    "category": "Georgette",
    "images": {
      "hero": "assets/images/p019-hero.webp",
      "detail": "assets/images/p019-detail.webp",
      "lifestyle": "assets/images/p019-lifestyle.webp"
    }
  },
  {
    "id": "p020",
    "name": "Viscose Maxi Hijab - Grey",
    "shortDesc": "Light grey viscose maxi hijab for full coverage.",
    "description": "The Grey Viscose Maxi Hijab offers a light, airy feel in a cool grey tone. It provides excellent coverage without weighing you down.",
    "price": 16.00,
    "currency": "USD",
    "sku": "VMH-GREY-020",
    "sizes": [
      "Maxi"
    ],
    "colors": [
      "Grey"
    ],
    "stock": true,
    "tags": [
      "viscose",
      "grey",
      "maxi",
      "light"
    ],
    "category": "Viscose",
    "images": {
      "hero": "assets/images/p020-hero.webp",
      "detail": "assets/images/p020-detail.webp",
      "lifestyle": "assets/images/p020-lifestyle.webp"
    }
  },
  {
    "id": "p021",
    "name": "Silk Chiffon Hijab - Black",
    "shortDesc": "Classic black silk chiffon, the ultimate essential.",
    "description": "Every wardrobe needs a Black Silk Chiffon Hijab. It's the ultimate formal accessory, adding a touch of mystery and elegance to any evening gown.",
    "price": 25.00,
    "currency": "USD",
    "sku": "SCH-BLACK-021",
    "sizes": [
      "One Size"
    ],
    "colors": [
      "Black"
    ],
    "stock": true,
    "tags": [
      "silk",
      "black",
      "formal",
      "essential"
    ],
    "category": "Chiffon",
    "images": {
      "hero": "assets/images/p021-hero.webp",
      "detail": "assets/images/p021-detail.webp",
      "lifestyle": "assets/images/p021-lifestyle.webp"
    }
  },
  {
    "id": "p022",
    "name": "Jersey Wrap Hijab - Teal",
    "shortDesc": "Deep teal jersey hijab, rich and comfortable.",
    "description": "Dive into the deep blue-green of our Teal Jersey Wrap Hijab. A unique color that stands out while maintaining the supreme comfort of our jersey fabric.",
    "price": 18.00,
    "currency": "USD",
    "sku": "JWH-TEAL-022",
    "sizes": [
      "Standard",
      "Maxi"
    ],
    "colors": [
      "Teal"
    ],
    "stock": true,
    "tags": [
      "jersey",
      "blue",
      "green",
      "unique"
    ],
    "category": "Jersey",
    "images": {
      "hero": "assets/images/p022-hero.webp",
      "detail": "assets/images/p022-detail.webp",
      "lifestyle": "assets/images/p022-lifestyle.webp"
    }
  },
  {
    "id": "p023",
    "name": "Medina Silk Hijab - Pearl White",
    "shortDesc": "Pristine pearl white Medina silk hijab.",
    "description": "The Pearl White Medina Silk Hijab is pure elegance. Ideal for brides or white-themed parties, its opaque finish ensures perfect coverage with a luxurious sheen.",
    "price": 30.00,
    "currency": "USD",
    "sku": "MSH-WHITE-023",
    "sizes": [
      "One Size"
    ],
    "colors": [
      "White"
    ],
    "stock": true,
    "tags": [
      "medina silk",
      "white",
      "bridal",
      "luxury"
    ],
    "category": "Silk",
    "images": {
      "hero": "assets/images/p023-hero.webp",
      "detail": "assets/images/p023-detail.webp",
      "lifestyle": "assets/images/p023-lifestyle.webp"
    }
  },
  {
    "id": "p024",
    "name": "Crinkle Cotton Hijab - Maroon",
    "shortDesc": "Deep maroon crinkle cotton for a bold look.",
    "description": "Make a bold impression with the Maroon Crinkle Cotton Hijab. The deep red tone is powerful and passionate, perfect for adding a strong accent to your outfit.",
    "price": 15.00,
    "currency": "USD",
    "sku": "CCH-MAROON-024",
    "sizes": [
      "One Size"
    ],
    "colors": [
      "Maroon"
    ],
    "stock": true,
    "tags": [
      "cotton",
      "red",
      "bold",
      "casual"
    ],
    "category": "Cotton",
    "images": {
      "hero": "assets/images/p024-hero.webp",
      "detail": "assets/images/p024-detail.webp",
      "lifestyle": "assets/images/p024-lifestyle.webp"
    }
  },
  {
    "id": "p025",
    "name": "Satin Square Scarf - Paisley",
    "shortDesc": "Traditional paisley print satin scarf.",
    "description": "Embrace tradition with a twist in our Paisley Satin Square Scarf. The intricate patterns and silky finish create a timeless accessory that transcends trends.",
    "price": 28.00,
    "currency": "USD",
    "sku": "SSS-PAISLEY-025",
    "sizes": [
      "90x90cm"
    ],
    "colors": [
      "Red/Gold"
    ],
    "stock": true,
    "tags": [
      "satin",
      "print",
      "traditional",
      "paisley"
    ],
    "category": "Square",
    "images": {
      "hero": "assets/images/p025-hero.webp",
      "detail": "assets/images/p025-detail.webp",
      "lifestyle": "assets/images/p025-lifestyle.webp"
    }
  },
  {
    "id": "p026",
    "name": "Modal Hijab - Navy",
    "shortDesc": "Deep navy modal hijab, soft and professional.",
    "description": "The Navy Modal Hijab pairs the softness of modal with the authority of navy blue. A great choice for the workplace or formal meetings.",
    "price": 22.00,
    "currency": "USD",
    "sku": "MH-NAVY-026",
    "sizes": [
      "One Size"
    ],
    "colors": [
      "Navy"
    ],
    "stock": true,
    "tags": [
      "modal",
      "blue",
      "professional",
      "soft"
    ],
    "category": "Modal",
    "images": {
      "hero": "assets/images/p026-hero.webp",
      "detail": "assets/images/p026-detail.webp",
      "lifestyle": "assets/images/p026-lifestyle.webp"
    }
  },
  {
    "id": "p027",
    "name": "Pleated Chiffon Hijab - Black",
    "shortDesc": "Classic black pleated chiffon for textured elegance.",
    "description": "The Black Pleated Chiffon Hijab is a modern classic. The pleats add a contemporary edge to the traditional black hijab, making it suitable for any occasion.",
    "price": 26.00,
    "currency": "USD",
    "sku": "PCH-BLACK-027",
    "sizes": [
      "One Size"
    ],
    "colors": [
      "Black"
    ],
    "stock": true,
    "tags": [
      "pleated",
      "black",
      "textured",
      "modern"
    ],
    "category": "Pleated",
    "images": {
      "hero": "assets/images/p027-hero.webp",
      "detail": "assets/images/p027-detail.webp",
      "lifestyle": "assets/images/p027-lifestyle.webp"
    }
  },
  {
    "id": "p028",
    "name": "Instant Jersey Hijab - Grey",
    "shortDesc": "Grey instant jersey hijab for effortless style.",
    "description": "Cool and convenient, the Grey Instant Jersey Hijab is a no-brainer for busy days. Slip it on and you're ready to face the world in style.",
    "price": 20.00,
    "currency": "USD",
    "sku": "IJH-GREY-028",
    "sizes": [
      "One Size"
    ],
    "colors": [
      "Grey"
    ],
    "stock": true,
    "tags": [
      "instant",
      "grey",
      "casual",
      "easy"
    ],
    "category": "Instant",
    "images": {
      "hero": "assets/images/p028-hero.webp",
      "detail": "assets/images/p028-detail.webp",
      "lifestyle": "assets/images/p028-lifestyle.webp"
    }
  },
  {
    "id": "p029",
    "name": "Georgette Hijab - Lavender",
    "shortDesc": "Soft lavender georgette hijab, sweet and spring-like.",
    "description": "Bring a breath of fresh air to your look with the Lavender Georgette Hijab. The sweet purple pastel is perfect for spring and summer days.",
    "price": 19.00,
    "currency": "USD",
    "sku": "GH-LAVENDER-029",
    "sizes": [
      "One Size"
    ],
    "colors": [
      "Lavender"
    ],
    "stock": true,
    "tags": [
      "georgette",
      "purple",
      "pastel",
      "sweet"
    ],
    "category": "Georgette",
    "images": {
      "hero": "assets/images/p029-hero.webp",
      "detail": "assets/images/p029-detail.webp",
      "lifestyle": "assets/images/p029-lifestyle.webp"
    }
  },
  {
    "id": "p030",
    "name": "Viscose Maxi Hijab - Black",
    "shortDesc": "Black viscose maxi hijab, the ultimate cover-up.",
    "description": "Maximum coverage, maximum versatility. The Black Viscose Maxi Hijab is the one accessory that goes with absolutely everything in your closet.",
    "price": 16.00,
    "currency": "USD",
    "sku": "VMH-BLACK-030",
    "sizes": [
      "Maxi"
    ],
    "colors": [
      "Black"
    ],
    "stock": true,
    "tags": [
      "viscose",
      "black",
      "maxi",
      "basic"
    ],
    "category": "Viscose",
    "images": {
      "hero": "assets/images/p030-hero.webp",
      "detail": "assets/images/p030-detail.webp",
      "lifestyle": "assets/images/p030-lifestyle.webp"
    }
  }
]